{"is_source_file": false, "format": "", "description": "", "external_files": [], "external_methods": [], "published": [], "classes": [], "methods": [], "calls": [], "search-terms": ["elegant-restaurant-website", "README.md", "304615-304625"], "state": 2, "file_id": 2, "knowledge_revision": 5, "git_revision": "0d6d05a1cff31f5ce86621f4422937e0f801fe62", "hash": "516d43804c773ebb28402ebe14d1940c", "format-version": 4, "code-base-name": "restaurant_backend", "filename": "README.md", "revision_history": [{"5": "0d6d05a1cff31f5ce86621f4422937e0f801fe62"}]}