{"is_source_file": true, "format": "Python", "description": "This is a FastAPI application file that sets up a web server with CORS middleware and defines a basic health check endpoint.", "external_files": ["fastapi", "fastapi.middleware.cors"], "external_methods": ["FastAPI()", "CORSMiddleware"], "published": ["app"], "classes": [], "methods": [{"name": "health_check()", "description": "Defines a GET endpoint at the root path '/' that returns a basic health status message.", "scope": "", "scopeKind": ""}], "calls": ["app.add_middleware", "app.get"], "search-terms": ["FastAPI", "CORSMiddleware", "health_check", "main.py"], "state": 2, "file_id": 2, "knowledge_revision": 9, "git_revision": "33eb9cea100c3299355ea42cf57fd855f6ebc8d8", "ctags": [{"_type": "tag", "name": "app", "path": "/home/kavia/workspace/code-generation/elegant-restaurant-website-304615-304625/restaurant_backend/src/api/main.py", "pattern": "/^app = FastAPI()$/", "language": "Python", "kind": "variable"}, {"_type": "tag", "name": "health_check", "path": "/home/kavia/workspace/code-generation/elegant-restaurant-website-304615-304625/restaurant_backend/src/api/main.py", "pattern": "/^def health_check():$/", "language": "Python", "kind": "function", "signature": "()"}], "hash": "58352bf5f133908bab16643199aa483d", "format-version": 4, "code-base-name": "restaurant_backend", "filename": "restaurant_backend/src/api/main.py", "fields": [{"name": "app = FastAPI()", "scope": "", "scopeKind": "", "description": "unavailable"}], "revision_history": [{"9": "33eb9cea100c3299355ea42cf57fd855f6ebc8d8"}]}