{"is_source_file": true, "format": "Python", "description": "This file generates the OpenAPI schema for the application and writes it to a JSON file.", "external_files": ["src/api/main.py"], "external_methods": ["app.openapi()"], "published": ["openapi_schema"], "classes": [], "methods": [{"name": "app.openapi", "description": "Method to generate the OpenAPI schema from the FastAPI app instance."}], "calls": ["app.openapi", "os.makedirs", "os.path.join", "json.dump"], "search-terms": ["generate_openapi", "OpenAPI schema", "fastapi", "json.dump", "write openapi.json"], "state": 2, "file_id": 3, "knowledge_revision": 8, "git_revision": "33eb9cea100c3299355ea42cf57fd855f6ebc8d8", "ctags": [{"_type": "tag", "name": "openapi_schema", "path": "/home/kavia/workspace/code-generation/elegant-restaurant-website-304615-304625/restaurant_backend/src/api/generate_openapi.py", "pattern": "/^openapi_schema = app.openapi()$/", "language": "Python", "kind": "variable"}, {"_type": "tag", "name": "output_dir", "path": "/home/kavia/workspace/code-generation/elegant-restaurant-website-304615-304625/restaurant_backend/src/api/generate_openapi.py", "pattern": "/^output_dir = \"interfaces\"$/", "language": "Python", "kind": "variable"}, {"_type": "tag", "name": "output_path", "path": "/home/kavia/workspace/code-generation/elegant-restaurant-website-304615-304625/restaurant_backend/src/api/generate_openapi.py", "pattern": "/^output_path = os.path.join(output_dir, \"openapi.json\")$/", "language": "Python", "kind": "variable"}], "hash": "61e3715e79bc397fab3e70f503a41417", "format-version": 4, "code-base-name": "restaurant_backend", "filename": "restaurant_backend/src/api/generate_openapi.py", "fields": [{"name": "openapi_schema = app.openapi()", "scope": "", "scopeKind": "", "description": "unavailable"}, {"name": "output_dir = \"interfaces\"", "scope": "", "scopeKind": "", "description": "unavailable"}, {"name": "output_path = os.path.join(output_dir, \"openapi.json\")", "scope": "", "scopeKind": "", "description": "unavailable"}], "revision_history": [{"8": "33eb9cea100c3299355ea42cf57fd855f6ebc8d8"}]}